login,#PullReq,#repo,#followers,#following,#contributions
biancatrink,4,7,1,0,22
xlilos,1,3,0,0,39
B-Finley,1,3,0,0,20
lochem2-718,1,18,1,2,98
DanielRustrum,1,15,2,2,64
Naz2020,3,7,0,2,42
HanyueW-9,1,6,0,0,67
ziang-zhou,1,4,0,1,53
saurabhkakade21,1,13,0,1,31
mpeiffer,1,13,5,5,33
IBermudes,1,4,0,0,18
las589,1,8,0,0,27
khubbard-NAU,1,2,1,0,156
antonfreeman,1,9,0,1,35
bmvisoky,2,7,1,0,117
niceboy47,1,3,0,0,40
CodeBerrie,1,2,0,0,32
SubArtic15,1,5,0,1,25
zhicenliu,1,2,0,0,26
mexiquin,1,17,0,0,117
zachspiel,1,15,3,4,333
igorwiese,1,36,60,31,30
igorsteinmacher,1,55,61,5,391
tanman987,1,6,3,4,0
mcp292,2,10,3,14,124
mmohammadin,1,2,0,0,21
sn644,1,3,0,0,8
ron-117,1,2,0,1,8
Dahlmannnnn,1,5,0,0,28
mnishitha,1,5,0,0,10
Manoj-Mallidi,1,4,0,0,34
mashakostromitina,1,2,0,0,7
ZhuoxuanDeng,2,2,0,0,7
EfayZ,1,2,0,0,12
salonij779,1,3,3,2,30
akhikolla,1,19,3,5,629
britriggs,1,1,2,2,4
XiwenChen-NAU,2,6,1,0,99
bill-roth,1,3,0,0,13
AiZ123,1,2,0,0,42
PaulDanPhillips,1,2,0,2,3
tossyne01,2,4,0,0,8
simone-says,1,3,0,0,26
cherman2,1,6,0,0,34
sara-meschi,1,1,0,0,5
Rad354,1,1,0,0,7
Jolt777,1,1,0,0,4
JW2372,1,2,0,0,18
manuelaguilarrios1,1,6,2,3,34
dbb4,1,3,0,0,5
